Date;Time;No.;PAR;Area;F;Fm;Y_PSII
28.08.24;11:11:56;1;0;1;0,2417;0,5652;0,572
28.08.24;11:12:57;2;0;1;0,2368;0,5466;0,567
28.08.24;11:13:58;3;15;1;0,2368;0,5338;0,556
28.08.24;11:14:58;4;20;1;0,2304;0,5147;0,552
28.08.24;11:15:58;5;24;1;0,2309;0,5088;0,546
28.08.24;11:16:59;6;43;1;0,3064;0,4025;0,239
28.08.24;11:17:59;7;48;1;0,3475;0,4593;0,243
28.08.24;11:18:59;8;52;1;0,35;0,4725;0,259
28.08.24;11:20:00;9;57;1;0,3358;0,4377;0,233
28.08.24;11:21:00;10;80;1;0,3225;0,4083;0,21
28.08.24;11:22:00;11;104;1;0,3054;0,3676;0,169
28.08.24;11:23:01;12;151;1;0,3034;0,3402;0,108
28.08.24;11:24:01;13;197;1;0,3093;0,3397;0,089
28.08.24;11:25:01;14;244;1;0,3088;0,323;0,044
28.08.24;11:26:02;15;337;1;0,302;0,3078;0,019
28.08.24;11:11:56;1;0;2;0,2118;0,4917;0,569
28.08.24;11:12:57;2;0;2;0,2064;0,4775;0,568
28.08.24;11:13:58;3;15;2;0,2005;0,4618;0,566
28.08.24;11:14:58;4;20;2;0,199;0,4456;0,553
28.08.24;11:15:58;5;24;2;0,1961;0,4407;0,555
28.08.24;11:16:59;6;43;2;0,2613;0,3696;0,293
28.08.24;11:17:59;7;48;2;0,2858;0,4029;0,291
28.08.24;11:18:59;8;52;2;0,2789;0,4108;0,321
28.08.24;11:20:00;9;57;2;0,2721;0,3828;0,289
28.08.24;11:21:00;10;80;2;0,2672;0,3623;0,263
28.08.24;11:22:00;11;104;2;0,2574;0,3333;0,228
28.08.24;11:23:01;12;151;2;0,251;0,2936;0,145
28.08.24;11:24:01;13;197;2;0,2525;0,2877;0,123
28.08.24;11:25:01;14;244;2;0,2534;0,274;0,075
28.08.24;11:26:02;15;337;2;0,252;0,2667;0,055
28.08.24;11:11:56;1;0;3;0,2461;0,5794;0,575
28.08.24;11:12:57;2;0;3;0,25;0,5745;0,565
28.08.24;11:13:58;3;15;3;0,2485;0,5716;0,565
28.08.24;11:14:58;4;20;3;0,2456;0,548;0,552
28.08.24;11:15:58;5;24;3;0,2441;0,5475;0,554
28.08.24;11:16:59;6;43;3;0,3314;0,4387;0,245
28.08.24;11:17:59;7;48;3;0,3559;0,4475;0,205
28.08.24;11:18:59;8;52;3;0,349;0,4466;0,218
28.08.24;11:20:00;9;57;3;0,3446;0,4147;0,169
28.08.24;11:21:00;10;80;3;0,3475;0,4054;0,143
28.08.24;11:22:00;11;104;3;0,3583;0,3985;0,101
28.08.24;11:23:01;12;151;3;0,374;0,3858;0,03
28.08.24;11:24:01;13;197;3;0,3735;0,3814;0,021
28.08.24;11:25:01;14;244;3;0,3642;0,3676;0
28.08.24;11:26:02;15;337;3;0,3603;0,3608;0
28.08.24;11:11:56;1;0;4;0,226;0,5142;0,561
28.08.24;11:12:57;2;0;4;0,2265;0,5015;0,548
28.08.24;11:13:58;3;15;4;0,226;0,4814;0,531
28.08.24;11:14:58;4;20;4;0,223;0,4784;0,534
28.08.24;11:15:58;5;24;4;0,2206;0,4642;0,525
28.08.24;11:16:59;6;43;4;0,276;0,3618;0,237
28.08.24;11:17:59;7;48;4;0,301;0,3789;0,206
28.08.24;11:18:59;8;52;4;0,3078;0,3956;0,222
28.08.24;11:20:00;9;57;4;0,2858;0,3417;0,164
28.08.24;11:21:00;10;80;4;0,2946;0,3348;0,12
28.08.24;11:22:00;11;104;4;0,2985;0,3245;0,08
28.08.24;11:23:01;12;151;4;0,3044;0,3147;0,033
28.08.24;11:24:01;13;197;4;0,2966;0,3029;0,021
28.08.24;11:25:01;14;244;4;0,2951;0,301;0,02
28.08.24;11:26:02;15;337;4;0,2926;0,2902;0
28.08.24;11:11:56;1;0;5;0,1716;0,4211;0,593
28.08.24;11:12:57;2;0;5;0,176;0,4172;0,578
28.08.24;11:13:58;3;15;5;0,1721;0,4044;0,575
28.08.24;11:14:58;4;20;5;0,173;0,3975;0,565
28.08.24;11:15:58;5;24;5;0,1691;0,3912;0,568
28.08.24;11:16:59;6;43;5;0,2083;0,252;0,173
28.08.24;11:17:59;7;48;5;0,2118;0,2539;0,166
28.08.24;11:18:59;8;52;5;0,2103;0,2564;0,18
28.08.24;11:20:00;9;57;5;0,2088;0,2377;0,122
28.08.24;11:21:00;10;80;5;0,2157;0,2338;0,078
28.08.24;11:22:00;11;104;5;0,2191;0,2309;0,051
28.08.24;11:23:01;12;151;5;0,2216;0,2206;0
28.08.24;11:24:01;13;197;5;0,2225;0,2196;0
28.08.24;11:25:01;14;244;5;0,2186;0,2196;0
28.08.24;11:26:02;15;337;5;0,2172;0,2113;0
28.08.24;11:11:56;1;0;6;0,1446;0,3799;0,619
28.08.24;11:12:57;2;0;6;0,1441;0,3725;0,613
28.08.24;11:13:58;3;15;6;0,1451;0,3672;0,605
28.08.24;11:14:58;4;20;6;0,1475;0,3696;0,601
28.08.24;11:15:58;5;24;6;0,1456;0,3686;0,605
28.08.24;11:16:59;6;43;6;0,1966;0,2422;0,188
28.08.24;11:17:59;7;48;6;0,1985;0,2461;0,193
28.08.24;11:18:59;8;52;6;0,1956;0,2397;0,184
28.08.24;11:20:00;9;57;6;0,1995;0,2319;0,14
28.08.24;11:21:00;10;80;6;0,2103;0,2304;0,087
28.08.24;11:22:00;11;104;6;0,2152;0,2284;0,058
28.08.24;11:23:01;12;151;6;0,223;0,2235;0
28.08.24;11:24:01;13;197;6;0,2221;0,2245;0
28.08.24;11:25:01;14;244;6;0,2245;0,224;0
28.08.24;11:26:02;15;337;6;0,2255;0,2206;0
